id,firstName,lastName,email
1,Amil,Cuerdall,acuerdall0@nydailynews.com
2,Charley,Dealtry,cdealtry1@nydailynews.com
3,Sheff,Sheardown,ssheardown2@home.pl
4,Flora,Quodling,fquodling3@google.pl
5,Nanci,Davenell,ndavenell4@xing.com
6,Ranee,Korfmann,rkorfmann5@marriott.com
7,Nikolaus,Yeiles,nyeiles6@unesco.org
8,Ky,Scawn,kscawn7@sohu.com
9,Mathe,Antos,mantos8@delicious.com
10,Sileas,Peddel,speddel9@businessinsider.com
11,Malina,Humpage,mhumpagea@whitehouse.gov
12,Doyle,Phillimore,dphillimoreb@sun.com
13,Trey,Corston,tcorstonc@xing.com
14,Lyle,Smurfitt,lsmurfittd@geocities.jp
15,Dall,Creswell,dcreswelle@ning.com
16,Budd,Jessop,bjessopf@weather.com
17,Lancelot,Gealle,lgealleg@google.com
18,Biddy,Misselbrook,bmisselbrookh@trellian.com
19,Fidelia,Raselles,frasellesi@stumbleupon.com
20,Zackariah,Dady,zdadyj@macromedia.com
21,Rena,Harms,rharmsk@mit.edu
22,Silvano,Carlucci,scarluccil@lycos.com
23,Emmy,Glasby,eglasbym@feedburner.com
24,Fara,Pelman,fpelmann@netlog.com
25,Skylar,Minall,sminallo@networkadvertising.org
26,Nickolaus,Rauprich,nrauprichp@marriott.com
27,Stan,Roath,sroathq@shareasale.com
28,Wade,Orcott,worcottr@nsw.gov.au
29,Vallie,Lutman,vlutmans@tiny.cc
30,Shirleen,Gadson,sgadsont@jigsy.com
31,Fidel,Guildford,fguildfordu@cbsnews.com
32,Raquel,Pallis,rpallisv@nasa.gov
33,Bary,Ashbee,bashbeew@jiathis.com
34,Raff,Halsho,rhalshox@google.fr
35,Cully,Bridgland,cbridglandy@soup.io
36,Kanya,Marqyes,kmarqyesz@godaddy.com
37,Fredrick,Kennerknecht,fkennerknecht10@bloglines.com
38,Hilary,Bowler,hbowler11@jiathis.com
39,Jenelle,Klimecki,jklimecki12@bing.com
40,Rusty,Barnbrook,rbarnbrook13@shareasale.com
41,Antoinette,Dilawey,adilawey14@alibaba.com
42,Dolorita,Barthelet,dbarthelet15@dion.ne.jp
43,Wallis,Vidler,wvidler16@yandex.ru
44,Jarrid,McHarry,jmcharry17@ycombinator.com
45,Sigvard,Balaisot,sbalaisot18@cam.ac.uk
46,Corny,Tattersfield,ctattersfield19@devhub.com
47,Isidoro,Sapp,isapp1a@is.gd
48,Walton,Verdie,wverdie1b@odnoklassniki.ru
49,Josias,Ong,jong1c@businesswire.com
50,Tillie,Radley,tradley1d@loc.gov
51,Justin,Belli,jbelli1e@networksolutions.com
52,Alexandra,Barniss,abarniss1f@barnesandnoble.com
53,Charo,Ciobutaro,cciobutaro1g@sakura.ne.jp
54,Ronnie,Khristyukhin,rkhristyukhin1h@skype.com
55,Gunther,Learmonth,glearmonth1i@businessinsider.com
56,Bartel,Fayre,bfayre1j@creativecommons.org
57,Aimil,Furley,afurley1k@surveymonkey.com
58,Dennis,Doucette,ddoucette1l@loc.gov
59,Alfie,Garfirth,agarfirth1m@nydailynews.com
60,Heda,Povey,hpovey1n@microsoft.com
61,Harland,Mazzilli,hmazzilli1o@gmpg.org
62,Davie,Graysmark,dgraysmark1p@desdev.cn
63,Penni,Hourican,phourican1q@cisco.com
64,Robers,Bayman,rbayman1r@altervista.org
65,Atlanta,McLafferty,amclafferty1s@discuz.net
66,Issie,Barbara,ibarbara1t@auda.org.au
67,Tiphanie,Szantho,tszantho1u@pinterest.com
68,Brooks,Oloshin,boloshin1v@g.co
69,Florentia,Choake,fchoake1w@chicagotribune.com
70,Englebert,Hardeman,ehardeman1x@facebook.com
71,Manolo,Ruslin,mruslin1y@techcrunch.com
72,Ignace,Whiffen,iwhiffen1z@cnet.com
73,Town,Grimmett,tgrimmett20@ucoz.com
74,Helena,Prendeville,hprendeville21@amazon.de
75,Gerardo,Panks,gpanks22@constantcontact.com
76,Ervin,Cropp,ecropp23@instagram.com
77,Franciska,Blandamore,fblandamore24@unicef.org
78,Sonnie,Masters,smasters25@ebay.co.uk
79,Marv,Sandbach,msandbach26@cdc.gov
80,Niven,Scrogges,nscrogges27@rakuten.co.jp
81,Mendel,Airds,mairds28@census.gov
82,Gale,Ciric,gciric29@last.fm
83,Oates,Wolfinger,owolfinger2a@com.com
84,Elsworth,Gozzett,egozzett2b@hostgator.com
85,Agneta,Asprey,aasprey2c@miibeian.gov.cn
86,Sarine,Bauldry,sbauldry2d@nps.gov
87,Damon,Mackstead,dmackstead2e@businessinsider.com
88,Eugenie,Doumer,edoumer2f@networksolutions.com
89,Myrtle,Vasenin,mvasenin2g@trellian.com
90,Dacia,Jubert,djubert2h@indiegogo.com
91,Dacy,Jewitt,djewitt2i@issuu.com
92,Cornela,Vitall,cvitall2j@narod.ru
93,Kaja,Halifax,khalifax2k@weather.com
94,Sheri,Paynes,spaynes2l@godaddy.com
95,Shane,Rubenchik,srubenchik2m@unblog.fr
96,Elvira,Cator,ecator2n@hugedomains.com
97,Wakefield,Grotty,wgrotty2o@odnoklassniki.ru
98,Ali,Rickardes,arickardes2p@sakura.ne.jp
99,Jeanna,Klimkowski,jklimkowski2q@berkeley.edu
100,Denis,Kelcey,dkelcey2r@shareasale.com
101,Juditha,MacNaughton,jmacnaughton2s@google.co.uk
102,Carson,Simione,csimione2t@nytimes.com
103,Inness,Grishankov,igrishankov2u@huffingtonpost.com
104,Tommy,Ballston,tballston2v@topsy.com
105,Lana,Napoli,lnapoli2w@ow.ly
106,Pepe,Smale,psmale2x@goo.ne.jp
107,Read,Showers,rshowers2y@alexa.com
108,Anthe,Fergyson,afergyson2z@abc.net.au
109,Amabel,Woodrooffe,awoodrooffe30@archive.org
110,Rockey,Keener,rkeener31@lulu.com
111,Mikaela,McElvine,mmcelvine32@privacy.gov.au
112,Zechariah,Merredy,zmerredy33@de.vu
113,Reece,Wones,rwones34@shinystat.com
114,Mirna,O'Spellissey,mospellissey35@senate.gov
115,Berenice,Dutt,bdutt36@istockphoto.com
116,Latrina,Hamel,lhamel37@mozilla.com
117,Jason,Cockill,jcockill38@nba.com
118,Lauryn,Ortiger,lortiger39@ca.gov
119,Elisha,Blayney,eblayney3a@hugedomains.com
120,Laure,Apps,lapps3b@angelfire.com
121,Carlye,Shaddock,cshaddock3c@fotki.com
122,Darlleen,de Zamora,ddezamora3d@ft.com
123,Felicio,Rosenshine,frosenshine3e@adobe.com
124,Gabbie,Quadrio,gquadrio3f@craigslist.org
125,Zerk,Anthona,zanthona3g@pen.io
126,Johnette,Imm,jimm3h@arstechnica.com
127,Carl,Cousins,ccousins3i@alexa.com
128,Darryl,Pittle,dpittle3j@ca.gov
129,Crysta,Ivetts,civetts3k@bbc.co.uk
130,Sheeree,Sims,ssims3l@washingtonpost.com
131,Gordy,Gres,ggres3m@xrea.com
132,Marget,Begbie,mbegbie3n@zdnet.com
133,Garv,Scouler,gscouler3o@devhub.com
134,Drucie,Lennox,dlennox3p@macromedia.com
135,Avis,Redan,aredan3q@newsvine.com
136,Kelley,Jaan,kjaan3r@scientificamerican.com
137,Hyacinthie,Sherrum,hsherrum3s@hexun.com
138,Ashby,Caughte,acaughte3t@intel.com
139,Enrica,Rosengren,erosengren3u@w3.org
140,Thomasa,Mallalieu,tmallalieu3v@europa.eu
141,Elisabet,Sarver,esarver3w@nydailynews.com
142,Juan,Abercrombie,jabercrombie3x@yandex.ru
143,Kathrine,Muff,kmuff3y@elpais.com
144,Jaclin,Brauninger,jbrauninger3z@163.com
145,Saxon,O'Sharkey,sosharkey40@prlog.org
146,Micaela,Twopenny,mtwopenny41@wikispaces.com
147,Sharline,Baldazzi,sbaldazzi42@slashdot.org
148,Del,Marchington,dmarchington43@alibaba.com
149,Rosalia,Caw,rcaw44@census.gov
150,Verine,Halifax,vhalifax45@photobucket.com
151,Agnola,Bouzek,abouzek46@netlog.com
152,Sabrina,Meddows,smeddows47@marketwatch.com
153,Randie,Gringley,rgringley48@sakura.ne.jp
154,Juliana,Brigstock,jbrigstock49@usa.gov
155,Don,Mashal,dmashal4a@aol.com
156,Terrell,Janssens,tjanssens4b@free.fr
157,Norene,Cranke,ncranke4c@abc.net.au
158,Alaric,Kenefick,akenefick4d@wiley.com
159,Winna,MacNulty,wmacnulty4e@imgur.com
160,Sergent,Hulse,shulse4f@netvibes.com
161,Lothario,Yakovliv,lyakovliv4g@constantcontact.com
162,Viviana,Simla,vsimla4h@comsenz.com
163,Silvio,Toms,stoms4i@youku.com
164,Evangelia,Dureden,edureden4j@1688.com
165,Artemis,Baumber,abaumber4k@disqus.com
166,Craggie,ffrench Beytagh,cffrenchbeytagh4l@qq.com
167,Josh,Rodrigo,jrodrigo4m@bizjournals.com
168,Terza,Pile,tpile4n@about.com
169,Glenna,Hobben,ghobben4o@apache.org
170,Kandace,Pingston,kpingston4p@thetimes.co.uk
171,Terrance,Ranklin,tranklin4q@rambler.ru
172,Blakeley,Sellick,bsellick4r@sbwire.com
173,Pegeen,Gaines,pgaines4s@telegraph.co.uk
174,Bruno,Darling,bdarling4t@japanpost.jp
175,Moshe,Vanner,mvanner4u@addtoany.com
176,Karmen,McCritchie,kmccritchie4v@smugmug.com
177,Clyde,Keable,ckeable4w@aol.com
178,Burt,Philpots,bphilpots4x@yellowpages.com
179,Haslett,Feenan,hfeenan4y@newyorker.com
180,Susy,Kesper,skesper4z@washingtonpost.com
181,Perceval,Ingram,pingram50@zimbio.com
182,Hedda,Mackleden,hmackleden51@smugmug.com
183,Abbot,Wasiela,awasiela52@telegraph.co.uk
184,Avis,Blaik,ablaik53@sohu.com
185,Darda,Arney,darney54@shop-pro.jp
186,Jon,Worsnip,jworsnip55@photobucket.com
187,Ailee,Randleson,arandleson56@tiny.cc
188,Kurt,Noddings,knoddings57@zdnet.com
189,Maynord,Jerzykiewicz,mjerzykiewicz58@microsoft.com
190,Modestine,Scardifeild,mscardifeild59@yolasite.com
191,Kevin,Maple,kmaple5a@businessinsider.com
192,Trudie,Royson,troyson5b@slideshare.net
193,Sofie,Llewelyn,sllewelyn5c@vkontakte.ru
194,Ronnie,Kensett,rkensett5d@pcworld.com
195,Blinni,Izkovici,bizkovici5e@blinklist.com
196,Austina,Roxburgh,aroxburgh5f@icio.us
197,Moyna,Tanby,mtanby5g@jimdo.com
198,Pebrook,Petyankin,ppetyankin5h@bluehost.com
199,Kinnie,Cook,kcook5i@nifty.com
200,Roy,Gamett,rgamett5j@mediafire.com
201,Bertrando,Cornill,bcornill5k@soup.io
202,Herschel,MacRonald,hmacronald5l@1und1.de
203,Cece,Fleetham,cfleetham5m@github.io
204,Mirella,Yitshak,myitshak5n@google.com.au
205,Perla,Griswaite,pgriswaite5o@mapy.cz
206,Albert,Boyson,aboyson5p@ask.com
207,Jarret,Beauman,jbeauman5q@stumbleupon.com
208,Janeva,Dulanty,jdulanty5r@china.com.cn
209,Jennee,Wayvill,jwayvill5s@cisco.com
210,Debi,Pardal,dpardal5t@wordpress.org
211,Lotty,Boecke,lboecke5u@go.com
212,Ferd,Fuzzard,ffuzzard5v@artisteer.com
213,Delmore,Pigden,dpigden5w@gizmodo.com
214,Ernie,Reggler,ereggler5x@arizona.edu
215,Mischa,Aizic,maizic5y@miibeian.gov.cn
216,Vernen,Castelain,vcastelain5z@mayoclinic.com
217,Livia,Nisby,lnisby60@artisteer.com
218,Carol-jean,Messier,cmessier61@tuttocitta.it
219,Danyelle,Marston,dmarston62@stanford.edu
220,Adrian,Draxford,adraxford63@smugmug.com
221,Lemmie,Gommey,lgommey64@hibu.com
222,Dosi,Senyard,dsenyard65@amazon.co.uk
223,Addison,Miall,amiall66@themeforest.net
224,Sumner,Hallwood,shallwood67@bandcamp.com
225,Bayard,Caine,bcaine68@miitbeian.gov.cn
226,Curcio,Pimmocke,cpimmocke69@shinystat.com
227,Ezequiel,Darben,edarben6a@tripadvisor.com
228,Julia,Djokic,jdjokic6b@yelp.com
229,Franz,Dobey,fdobey6c@storify.com
230,Norene,Montgomery,nmontgomery6d@indiatimes.com
231,Andy,Hounihan,ahounihan6e@discuz.net
232,Remus,Petrelluzzi,rpetrelluzzi6f@chronoengine.com
233,Kory,Spinke,kspinke6g@rambler.ru
234,Sofie,Kennerley,skennerley6h@360.cn
235,Ariadne,Whaley,awhaley6i@pbs.org
236,Hattie,Bandiera,hbandiera6j@geocities.jp
237,Eadmund,Muris,emuris6k@kickstarter.com
238,Micky,Croisier,mcroisier6l@loc.gov
239,Caresa,Muscott,cmuscott6m@bravesites.com
240,Giorgi,Ledwitch,gledwitch6n@intel.com
241,Ricard,Eilhermann,reilhermann6o@blogtalkradio.com
242,Korrie,Klesel,kklesel6p@arstechnica.com
243,Travers,Nowick,tnowick6q@google.co.jp
244,Feodora,Whapple,fwhapple6r@nifty.com
245,Viviyan,Scotson,vscotson6s@archive.org
246,Susanetta,Tanzig,stanzig6t@vinaora.com
247,Maurita,Marshall,mmarshall6u@lulu.com
248,Derk,Caesman,dcaesman6v@pinterest.com
249,Nikita,Manktelow,nmanktelow6w@creativecommons.org
250,Cody,Jenney,cjenney6x@auda.org.au
251,Dunstan,MacGiany,dmacgiany6y@wisc.edu
252,Rene,Scare,rscare6z@mozilla.org
253,Levin,Berthomieu,lberthomieu70@icio.us
254,Cindi,Raft,craft71@bbc.co.uk
255,Ethelind,Churching,echurching72@ox.ac.uk
256,Yankee,Keeltagh,ykeeltagh73@cpanel.net
257,Lonnie,Arkell,larkell74@hibu.com
258,Deb,Birchill,dbirchill75@digg.com
259,Ellis,Formby,eformby76@baidu.com
260,Henry,McRae,hmcrae77@reddit.com
261,Marlane,Valentelli,mvalentelli78@adobe.com
262,Bevvy,Hitcham,bhitcham79@google.com
263,Riley,Haslewood,rhaslewood7a@patch.com
264,Gerrie,Kisby,gkisby7b@mediafire.com
265,Leslie,Jordon,ljordon7c@goo.gl
266,Lammond,Cantu,lcantu7d@imdb.com
267,Pace,Lyles,plyles7e@etsy.com
268,Nan,Zorzi,nzorzi7f@scientificamerican.com
269,Stacee,Epilet,sepilet7g@163.com
270,Dion,Lougheid,dlougheid7h@paypal.com
271,Taddeo,Dorken,tdorken7i@yandex.ru
272,Bibby,Cameron,bcameron7j@pinterest.com
273,Suzanna,Ambrosini,sambrosini7k@goo.ne.jp
274,Vick,Akeherst,vakeherst7l@vimeo.com
275,Barrett,Tweede,btweede7m@newyorker.com
276,Hyman,Shortcliffe,hshortcliffe7n@altervista.org
277,Kylie,Ferreiro,kferreiro7o@jugem.jp
278,Pascal,Gullis,pgullis7p@nasa.gov
279,Suki,Sessuns,ssessuns7q@zdnet.com
280,Cinnamon,Portigall,cportigall7r@facebook.com
281,Kipp,Coetzee,kcoetzee7s@webeden.co.uk
282,Nettie,Stenbridge,nstenbridge7t@microsoft.com
283,Krissie,Jurzyk,kjurzyk7u@cisco.com
284,Erich,Welsh,ewelsh7v@weibo.com
285,Bambi,Giacomini,bgiacomini7w@wufoo.com
286,Bebe,Walster,bwalster7x@noaa.gov
287,Bernie,De Vile,bdevile7y@army.mil
288,Sephira,Frunks,sfrunks7z@vkontakte.ru
289,Barnabe,Robichon,brobichon80@github.io
290,Hamnet,Crouch,hcrouch81@google.com.br
291,Fraser,Rappaport,frappaport82@dion.ne.jp
292,Maria,Heeney,mheeney83@storify.com
293,Abbott,Windrum,awindrum84@xrea.com
294,Bron,Launder,blaunder85@fastcompany.com
295,Joline,Eggins,jeggins86@hubpages.com
296,Verine,Abelevitz,vabelevitz87@tripadvisor.com
297,Hubey,Pidcock,hpidcock88@t.co
298,Josey,Raoux,jraoux89@npr.org
299,Chrystel,Fodden,cfodden8a@ocn.ne.jp
300,Salome,Detoile,sdetoile8b@netlog.com
301,Vince,Durrington,vdurrington8c@aol.com
302,Jeremie,Jerok,jjerok8d@businessinsider.com
303,Angus,Kerkham,akerkham8e@hc360.com
304,Douglas,Ganter,dganter8f@usa.gov
305,Luciano,Wolsey,lwolsey8g@ucla.edu
306,Kizzie,Mulbery,kmulbery8h@scientificamerican.com
307,Kassandra,Matisse,kmatisse8i@tuttocitta.it
308,Caesar,Melhuish,cmelhuish8j@slate.com
309,Lita,Jenno,ljenno8k@flavors.me
310,Dalila,Polycote,dpolycote8l@issuu.com
311,Annis,Benitez,abenitez8m@mayoclinic.com
312,Ephrayim,Whelan,ewhelan8n@arstechnica.com
313,Fred,Ponte,fponte8o@seattletimes.com
314,Carlyn,Castellone,ccastellone8p@baidu.com
315,Wake,Sore,wsore8q@furl.net
316,Codi,Grono,cgrono8r@ftc.gov
317,Sonnie,Tomkins,stomkins8s@auda.org.au
318,Felice,Entissle,fentissle8t@dmoz.org
319,Elaina,Lewsey,elewsey8u@dailymail.co.uk
320,Selle,Longlands,slonglands8v@bloomberg.com
321,Gunther,Spillman,gspillman8w@wufoo.com
322,Thomasine,Bathersby,tbathersby8x@hao123.com
323,Melosa,Flott,mflott8y@amazon.co.uk
324,Peria,Trevascus,ptrevascus8z@ehow.com
325,Karlyn,Wennington,kwennington90@sakura.ne.jp
326,Huntley,Dunthorn,hdunthorn91@ucla.edu
327,Pandora,Horlock,phorlock92@goo.gl
328,Oliviero,Whyard,owhyard93@nymag.com
329,Sterling,McEvilly,smcevilly94@ftc.gov
330,Ariana,Cogan,acogan95@woothemes.com
331,Lishe,Jonke,ljonke96@quantcast.com
332,Shaylyn,Viggers,sviggers97@webnode.com
333,Carl,Quinnet,cquinnet98@umn.edu
334,Samuel,Ambrogetti,sambrogetti99@cnet.com
335,Adam,Bebis,abebis9a@taobao.com
336,Simon,Winfrey,swinfrey9b@aol.com
337,Christel,MacSweeney,cmacsweeney9c@deliciousdays.com
338,Seka,Emes,semes9d@joomla.org
339,Chuck,Matthieson,cmatthieson9e@slashdot.org
340,Noelani,Beautyman,nbeautyman9f@cafepress.com
341,Sal,Rallings,srallings9g@rediff.com
342,Giselle,Duffy,gduffy9h@unc.edu
343,Rafaellle,Polglaze,rpolglaze9i@123-reg.co.uk
344,Christi,Peidro,cpeidro9j@mit.edu
345,Arlette,Monaghan,amonaghan9k@netscape.com
346,Bowie,Myton,bmyton9l@github.com
347,Nial,Bennit,nbennit9m@elpais.com
348,Loydie,Olivia,lolivia9n@list-manage.com
349,Anderea,Greenlees,agreenlees9o@elegantthemes.com
350,Carry,Crocker,ccrocker9p@moonfruit.com
351,Ichabod,Mitrikhin,imitrikhin9q@nba.com
352,Reilly,Boldison,rboldison9r@craigslist.org
353,Clea,Billingham,cbillingham9s@google.com.br
354,Lucinda,Kettlestringe,lkettlestringe9t@skyrock.com
355,Devan,Jansen,djansen9u@360.cn
356,Sammy,Ousbie,sousbie9v@google.nl
357,Romain,Nottle,rnottle9w@alexa.com
358,Aggy,Newitt,anewitt9x@oracle.com
359,Lanette,Dawney,ldawney9y@php.net
360,Sarine,Southby,ssouthby9z@hatena.ne.jp
361,Marquita,McKiddin,mmckiddina0@cdbaby.com
362,Shari,Sowerby,ssowerbya1@nymag.com
363,Reece,Shepeard,rshepearda2@blogger.com
364,Kris,Pawel,kpawela3@feedburner.com
365,Jehanna,MacNeely,jmacneelya4@nasa.gov
366,Robby,Brimblecombe,rbrimblecombea5@acquirethisname.com
367,Kin,Mitkin,kmitkina6@chron.com
368,Tania,Asher,tashera7@github.com
369,Ambrosio,Sykes,asykesa8@list-manage.com
370,Claudina,O'Carroll,cocarrolla9@phpbb.com
371,Nerissa,Faussett,nfaussettaa@vkontakte.ru
372,Enrichetta,Flippini,eflippiniab@opera.com
373,Julissa,Budget,jbudgetac@ifeng.com
374,Aymer,Mauvin,amauvinad@trellian.com
375,Rouvin,Markey,rmarkeyae@toplist.cz
376,Margarete,Cecchetelli,mcecchetelliaf@un.org
377,Shane,Dysart,sdysartag@digg.com
378,Weston,Hatliff,whatliffah@unc.edu
379,Denna,Champerlen,dchamperlenai@jigsy.com
380,Elayne,Harrema,eharremaaj@dion.ne.jp
381,Jessica,Fihelly,jfihellyak@alexa.com
382,Augustus,Kochlin,akochlinal@disqus.com
383,Harlin,Oggers,hoggersam@spiegel.de
384,Malinda,Matthius,mmatthiusan@baidu.com
385,Westbrook,Vettore,wvettoreao@webs.com
386,Ive,Berzin,iberzinap@1688.com
387,Dari,Warnock,dwarnockaq@xinhuanet.com
388,Dori,Counsell,dcounsellar@creativecommons.org
389,Glyn,Palfree,gpalfreeas@sogou.com
390,Kirby,Fassum,kfassumat@clickbank.net
391,Corbett,Holley,cholleyau@comcast.net
392,Matilde,Rouke,mroukeav@microsoft.com
393,Joelynn,Warden,jwardenaw@issuu.com
394,Ethan,Wescott,ewescottax@huffingtonpost.com
395,Lucais,Shwalbe,lshwalbeay@creativecommons.org
396,Dennison,Puckham,dpuckhamaz@storify.com
397,Denna,Janicek,djanicekb0@bbb.org
398,Theodora,Wane,twaneb1@chicagotribune.com
399,Kellia,Scates,kscatesb2@typepad.com
400,Willdon,Sallnow,wsallnowb3@about.me
401,Scarlet,McGeachey,smcgeacheyb4@nasa.gov
402,Hasheem,Kording,hkordingb5@pbs.org
403,Darbee,Allison,dallisonb6@livejournal.com
404,Fraser,Euels,feuelsb7@gizmodo.com
405,Addi,Sogg,asoggb8@ucla.edu
406,Clemente,MacCauley,cmaccauleyb9@sina.com.cn
407,Bev,Springthorp,bspringthorpba@mayoclinic.com
408,Kath,Mc Faul,kmcfaulbb@bloglovin.com
409,Maurise,Kops,mkopsbc@ebay.co.uk
410,Hewitt,Henworth,hhenworthbd@t-online.de
411,Casey,Ranahan,cranahanbe@godaddy.com
412,Robin,Drewery,rdrewerybf@google.com.br
413,Grant,Warrington,gwarringtonbg@hp.com
414,Kerry,Maskill,kmaskillbh@psu.edu
415,Carrie,Wike,cwikebi@drupal.org
416,Lydon,Oiller,loillerbj@wisc.edu
417,Cale,Woodyer,cwoodyerbk@amazon.de
418,Alistair,Burcombe,aburcombebl@friendfeed.com
419,Tisha,Bockman,tbockmanbm@cbc.ca
420,Alicia,Tunkin,atunkinbn@wikia.com
421,Mal,Batterton,mbattertonbo@gizmodo.com
422,Kimberlee,Moakson,kmoaksonbp@geocities.com
423,Amandie,Lernihan,alernihanbq@sohu.com
424,Jorge,Daish,jdaishbr@wordpress.com
425,Stafani,Deely,sdeelybs@yandex.ru
426,Aline,Uphill,auphillbt@toplist.cz
427,Theresina,Stood,tstoodbu@alibaba.com
428,Cornall,Scamerdine,cscamerdinebv@jimdo.com
429,Frank,McWhan,fmcwhanbw@shinystat.com
430,Fina,Sandaver,fsandaverbx@nasa.gov
431,Brittney,Norridge,bnorridgeby@e-recht24.de
432,Peter,Dodd,pdoddbz@twitter.com
433,Berrie,Grellier,bgrellierc0@blog.com
434,Jayne,Vannini,jvanninic1@ustream.tv
435,Sonni,Ousley,sousleyc2@berkeley.edu
436,Haskel,Gerge,hgergec3@oracle.com
437,Stephanie,Baumber,sbaumberc4@hud.gov
438,Jeno,Ailmer,jailmerc5@ed.gov
439,Thorstein,Cello,tcelloc6@hao123.com
440,Aprilette,Earingey,aearingeyc7@github.com
441,Currie,Dupoy,cdupoyc8@miitbeian.gov.cn
442,Siusan,Christofor,schristoforc9@cargocollective.com
443,Scarlet,O'Dougherty,sodoughertyca@aboutads.info
444,Darnall,Bener,dbenercb@exblog.jp
445,Deina,Petrelluzzi,dpetrelluzzicc@dagondesign.com
446,Johann,Ruggs,jruggscd@ustream.tv
447,Cherise,Detloff,cdetloffce@archive.org
448,Gwenora,Rookeby,grookebycf@arstechnica.com
449,Lucie,Pettersen,lpettersencg@merriam-webster.com
450,Rebeka,Gollop,rgollopch@narod.ru
451,Alexandra,Breston,abrestonci@eventbrite.com
452,Gigi,Welfare,gwelfarecj@google.com
453,Jessee,Dole,jdoleck@yolasite.com
454,Sharona,Trimby,strimbycl@businesswire.com
455,Laurianne,Parkin,lparkincm@ibm.com
456,Ina,Greson,igresoncn@newsvine.com
457,Rafe,Alessandrini,ralessandrinico@adobe.com
458,Dian,Clay,dclaycp@usa.gov
459,Bartolemo,Ambrogiotti,bambrogiotticq@dedecms.com
460,Morley,Edgeler,medgelercr@multiply.com
461,Cecil,Ledner,clednercs@a8.net
462,Bridget,Labon,blabonct@csmonitor.com
463,Valdemar,Gaylor,vgaylorcu@economist.com
464,Gabie,Schistl,gschistlcv@ucla.edu
465,Duke,Skudder,dskuddercw@google.com
466,Sib,Duly,sdulycx@godaddy.com
467,Dolorita,Peye,dpeyecy@prlog.org
468,Emmi,Springle,espringlecz@stumbleupon.com
469,Morly,Westmacott,mwestmacottd0@fc2.com
470,Jimmy,Richardson,jrichardsond1@chicagotribune.com
471,Cecilius,Colthard,ccolthardd2@china.com.cn
472,Vida,Wilks,vwilksd3@51.la
473,Demott,Alessandone,dalessandoned4@biglobe.ne.jp
474,Flint,Worssam,fworssamd5@google.nl
475,Latrena,Elcoate,lelcoated6@arizona.edu
476,Pietro,Saffe,psaffed7@ox.ac.uk
477,Pearla,Knappen,pknappend8@oracle.com
478,Germayne,Tiddeman,gtiddemand9@networksolutions.com
479,Mitchel,Abyss,mabyssda@hugedomains.com
480,Verine,Beneteau,vbeneteaudb@xinhuanet.com
481,Reidar,Bohler,rbohlerdc@walmart.com
482,Elsi,Tinkler,etinklerdd@howstuffworks.com
483,Saudra,Loyns,sloynsde@businessweek.com
484,Daveen,Scirman,dscirmandf@vkontakte.ru
485,Ardeen,Franzetti,afranzettidg@nih.gov
486,Quincy,Rillett,qrillettdh@sitemeter.com
487,Reagen,Harnett,rharnettdi@cornell.edu
488,Rob,Addenbrooke,raddenbrookedj@geocities.jp
489,Hersh,Blakeley,hblakeleydk@dion.ne.jp
490,Mahalia,Harby,mharbydl@soup.io
491,Shena,Adnam,sadnamdm@yellowpages.com
492,Meggy,Easterling,measterlingdn@bigcartel.com
493,Iona,Ansty,ianstydo@sciencedaily.com
494,Jamaal,Marusik,jmarusikdp@addtoany.com
495,Cully,Ghelardoni,cghelardonidq@house.gov
496,Samuele,Billin,sbillindr@weibo.com
497,Flossy,Di Biasio,fdibiasiods@marketwatch.com
498,Rhianon,Chinnock,rchinnockdt@merriam-webster.com
499,Carolyn,Cadding,ccaddingdu@ameblo.jp
500,Wendye,Coleford,wcoleforddv@1und1.de
501,Essy,Fourmy,efourmydw@bloglovin.com
502,Hadrian,MacGorley,hmacgorleydx@blinklist.com
503,Linn,Fedorchenko,lfedorchenkody@ezinearticles.com
504,Klara,Murgatroyd,kmurgatroyddz@wufoo.com
505,Denise,Oxlade,doxladee0@ow.ly
506,Lorne,Drews,ldrewse1@mtv.com
507,Kenn,Carverhill,kcarverhille2@barnesandnoble.com
508,Tisha,Crohan,tcrohane3@mail.ru
509,Janis,Duffie,jduffiee4@ameblo.jp
510,Meade,Happel,mhappele5@twitter.com
511,Giff,Jackways,gjackwayse6@smh.com.au
512,Rania,Spawell,rspawelle7@howstuffworks.com
513,Aldo,Jindrich,ajindriche8@is.gd
514,Gerik,Jedrzejczak,gjedrzejczake9@timesonline.co.uk
515,Wilmette,Lorain,wlorainea@yandex.ru
516,Woodie,Cossar,wcossareb@ucsd.edu
517,Clementina,Lyddon,clyddonec@kickstarter.com
518,Danni,Chander,dchandered@cargocollective.com
519,Konrad,Greves,kgrevesee@facebook.com
520,Muriel,Terron,mterronef@seesaa.net
521,Lorelei,McSparran,lmcsparraneg@elpais.com
522,Reynold,Lubman,rlubmaneh@skyrock.com
523,Adriano,Quested,aquestedei@booking.com
524,Virginia,Baudesson,vbaudessonej@ovh.net
525,Helen-elizabeth,McGrirl,hmcgrirlek@opensource.org
526,Winifield,Braybrooks,wbraybrooksel@51.la
527,Wolfie,Erickson,wericksonem@fda.gov
528,Dayna,Van der Kruijs,dvanderkruijsen@xrea.com
529,Charla,Jeannaud,cjeannaudeo@ihg.com
530,Garrard,Ducroe,gducroeep@zimbio.com
531,Caldwell,Blinder,cblindereq@guardian.co.uk
532,Kelsy,Bruneton,kbrunetoner@creativecommons.org
533,Dianemarie,Matzaitis,dmatzaitises@apple.com
534,Correna,Cuff,ccuffet@businessweek.com
535,Ruthie,Vanyutin,rvanyutineu@cisco.com
536,Helenka,Locke,hlockeev@jigsy.com
537,Les,Connick,lconnickew@usgs.gov
538,Barbee,Chantillon,bchantillonex@odnoklassniki.ru
539,Sly,Vondrak,svondrakey@opensource.org
540,Marleah,Kolyagin,mkolyaginez@pcworld.com
541,Manuel,Rebert,mrebertf0@w3.org
542,Delila,Jagiello,djagiellof1@reuters.com
543,Dimitry,Troop,dtroopf2@statcounter.com
544,Simone,McGorley,smcgorleyf3@cafepress.com
545,Nana,Duke,ndukef4@amazon.co.jp
546,Corny,Antonoyev,cantonoyevf5@list-manage.com
547,Beck,Cottu,bcottuf6@vk.com
548,Frederica,Fandrey,ffandreyf7@sohu.com
549,Malvina,Fido,mfidof8@yahoo.co.jp
550,Cesare,Boodell,cboodellf9@163.com
551,Edgard,Buterton,ebutertonfa@samsung.com
552,Jammal,Calender,jcalenderfb@wiley.com
553,Mary,Aslum,maslumfc@statcounter.com
554,Basile,Simmell,bsimmellfd@timesonline.co.uk
555,Arman,Congram,acongramfe@macromedia.com
556,Tommie,Coyne,tcoyneff@ucla.edu
557,Hilda,Naylor,hnaylorfg@squidoo.com
558,Emma,Sabbatier,esabbatierfh@alibaba.com
559,Jacobo,Bineham,jbinehamfi@baidu.com
560,Marcelo,Torpie,mtorpiefj@bbb.org
561,Paolina,Saintpierre,psaintpierrefk@webeden.co.uk
562,Kimmy,Lyven,klyvenfl@nationalgeographic.com
563,Ivonne,Inchcomb,iinchcombfm@ucoz.com
564,Elmira,Belk,ebelkfn@csmonitor.com
565,Wilie,Proom,wproomfo@wsj.com
566,Ibbie,Forber,iforberfp@thetimes.co.uk
567,Concordia,Hellin,chellinfq@senate.gov
568,Ingemar,Pudden,ipuddenfr@pinterest.com
569,Leonerd,Comusso,lcomussofs@meetup.com
570,Walsh,Dysart,wdysartft@epa.gov
571,Alfreda,Idel,aidelfu@opensource.org
572,Lutero,Kristof,lkristoffv@github.com
573,Brock,Eschalette,beschalettefw@weebly.com
574,Edward,Brise,ebrisefx@yellowpages.com
575,Eada,Boydell,eboydellfy@virginia.edu
576,Artemas,Moggan,amogganfz@scribd.com
577,Iain,Bonnefin,ibonnefing0@google.cn
578,Standford,Kobsch,skobschg1@skyrock.com
579,Rockey,Milligan,rmilligang2@webmd.com
580,Brnaby,Camamile,bcamamileg3@ft.com
581,Patty,Daal,pdaalg4@qq.com
582,Lurlene,Barthram,lbarthramg5@discuz.net
583,Silvan,Whitford,swhitfordg6@sakura.ne.jp
584,Alameda,Brattell,abrattellg7@taobao.com
585,Clarey,McKeney,cmckeneyg8@cyberchimps.com
586,Deborah,Deery,ddeeryg9@hatena.ne.jp
587,Hedwig,Fencott,hfencottga@mlb.com
588,Alvin,Legge,aleggegb@narod.ru
589,Kasper,Ticksall,kticksallgc@goodreads.com
590,Guillermo,Kane,gkanegd@independent.co.uk
591,Sherlock,Tyrie,styriege@sina.com.cn
592,Valentijn,Le-Good,vlegoodgf@weather.com
593,Keen,Wearn,kwearngg@ow.ly
594,Norrie,Ellph,nellphgh@hexun.com
595,Jamie,Clayfield,jclayfieldgi@jiathis.com
596,Gabie,Pasby,gpasbygj@bbb.org
597,Mollie,McAree,mmcareegk@weibo.com
598,Cornall,Radwell,cradwellgl@hatena.ne.jp
599,Eileen,O'Donegan,eodonegangm@zimbio.com
600,Francis,Hanton,fhantongn@washington.edu
601,Stern,Woolland,swoollandgo@washington.edu
602,Lisa,Aldie,laldiegp@xing.com
603,Olivette,Beaumont,obeaumontgq@360.cn
604,Jamima,Erskin,jerskingr@netvibes.com
605,Katya,Sandiford,ksandifordgs@gizmodo.com
606,Margalo,Leishman,mleishmangt@stanford.edu
607,Ruth,Bellelli,rbellelligu@1und1.de
608,Fenelia,Bagnall,fbagnallgv@histats.com
609,May,Sudron,msudrongw@yolasite.com
610,Luelle,Emmatt,lemmattgx@time.com
611,Jo-ann,Doctor,jdoctorgy@xing.com
612,Neil,Cultcheth,ncultchethgz@ox.ac.uk
613,Ronald,Biasioli,rbiasiolih0@bandcamp.com
614,Peyton,Yellowlee,pyellowleeh1@tmall.com
615,Francene,Romke,fromkeh2@wp.com
616,Lisbeth,Coutts,lcouttsh3@wsj.com
617,Archy,Hayball,ahayballh4@ehow.com
618,Shana,Dey,sdeyh5@digg.com
619,Jess,Kunzel,jkunzelh6@oaic.gov.au
620,Goddard,Ullett,gulletth7@chron.com
621,Cammy,Cutts,ccuttsh8@oaic.gov.au
622,Kath,Woodsford,kwoodsfordh9@webs.com
623,Cordell,Francey,cfranceyha@homestead.com
624,Rutter,Clewlowe,rclewlowehb@mapy.cz
625,Kikelia,Wiltshire,kwiltshirehc@cpanel.net
626,Lottie,Yearnes,lyearneshd@friendfeed.com
627,Shirleen,La Croce,slacrocehe@yelp.com
628,Alexander,Asel,aaselhf@yelp.com
629,Peri,Cogger,pcoggerhg@ameblo.jp
630,Carmelita,Moquin,cmoquinhh@pcworld.com
631,Mae,D'Agostino,mdagostinohi@yale.edu
632,Binnie,Wesgate,bwesgatehj@aol.com
633,Gayle,Bernardotte,gbernardottehk@mozilla.org
634,Lotti,Flint,lflinthl@arizona.edu
635,Tammy,Thow,tthowhm@bluehost.com
636,Krisha,Osipenko,kosipenkohn@php.net
637,Kristoforo,Berks,kberksho@blogger.com
638,Elizabeth,Purseglove,epurseglovehp@1und1.de
639,Jarrett,Clementucci,jclementuccihq@earthlink.net
640,Mel,Ratter,mratterhr@archive.org
641,Salaidh,Pamplin,spamplinhs@yellowpages.com
642,Algernon,Bales,abalesht@yellowpages.com
643,Lombard,Heffer,lhefferhu@pen.io
644,Enrichetta,McClelland,emcclellandhv@ask.com
645,Shell,Lurner,slurnerhw@simplemachines.org
646,Casar,Keneford,ckenefordhx@disqus.com
647,Minette,Leband,mlebandhy@google.ca
648,Petrina,Gisburn,pgisburnhz@twitter.com
649,Cheri,Comolli,ccomollii0@a8.net
650,Cilka,Kingscote,ckingscotei1@gizmodo.com
651,Starlin,Tuffs,stuffsi2@huffingtonpost.com
652,Donetta,Habin,dhabini3@wisc.edu
653,Gunner,Collingridge,gcollingridgei4@netvibes.com
654,Dolley,Bladon,dbladoni5@cmu.edu
655,Husain,Bell,hbelli6@usda.gov
656,Sheppard,Kesper,skesperi7@thetimes.co.uk
657,Raquel,Linzey,rlinzeyi8@kickstarter.com
658,Alana,Foddy,afoddyi9@huffingtonpost.com
659,Pauline,O'Callaghan,pocallaghania@bloglines.com
660,Matthias,Worthing,mworthingib@hibu.com
661,Marcellus,Simonnet,msimonnetic@4shared.com
662,Lorena,Sherburn,lsherburnid@bloglovin.com
663,Cherise,Umpleby,cumplebyie@chicagotribune.com
664,Gard,Stinton,gstintonif@flavors.me
665,Codi,Harragin,charraginig@pagesperso-orange.fr
666,Mohammed,Arnaudin,marnaudinih@macromedia.com
667,Elfrida,Kraft,ekraftii@nsw.gov.au
668,Jo,Fischer,jfischerij@cbsnews.com
669,Goldie,Witherdon,gwitherdonik@usgs.gov
670,Elsworth,Crankhorn,ecrankhornil@elpais.com
671,Farrel,Mcwhinney,fmcwhinneyim@bravesites.com
672,Roland,Richardet,rrichardetin@sogou.com
673,Somerset,Goligher,sgoligherio@prnewswire.com
674,Itch,Allden,ialldenip@google.es
675,Waldemar,Dowsey,wdowseyiq@skyrock.com
676,Glori,Pirrone,gpirroneir@exblog.jp
677,Corbin,Iskow,ciskowis@paypal.com
678,Kellia,Priddie,kpriddieit@chronoengine.com
679,Nicola,Nendick,nnendickiu@flavors.me
680,Tracie,Bigley,tbigleyiv@time.com
681,Rosalinda,Kidby,rkidbyiw@sakura.ne.jp
682,Noby,Deam,ndeamix@ed.gov
683,Flossi,Stonbridge,fstonbridgeiy@hc360.com
684,Fran,Vinnick,fvinnickiz@va.gov
685,Stefania,Hay,shayj0@csmonitor.com
686,Maje,Copelli,mcopellij1@bloomberg.com
687,Jacob,Seedull,jseedullj2@ovh.net
688,Cal,Daubeny,cdaubenyj3@umn.edu
689,Hendrik,Foster,hfosterj4@gov.uk
690,Sorcha,Keedwell,skeedwellj5@typepad.com
691,Saunders,Ucceli,succelij6@utexas.edu
692,Skip,Laffranconi,slaffranconij7@lulu.com
693,Gustave,Tape,gtapej8@tuttocitta.it
694,Bab,Mary,bmaryj9@taobao.com
695,Harriet,Castellanos,hcastellanosja@ameblo.jp
696,Garth,Wyllis,gwyllisjb@hhs.gov
697,Sinclair,Van Zon,svanzonjc@home.pl
698,Francis,Engeham,fengehamjd@ucsd.edu
699,May,Lythgoe,mlythgoeje@auda.org.au
700,Cordie,Troman,ctromanjf@goo.ne.jp
701,Pebrook,Paling,ppalingjg@etsy.com
702,Margarete,Wapples,mwapplesjh@sbwire.com
703,Tallie,Cockitt,tcockittji@zimbio.com
704,Tam,Broun,tbrounjj@flickr.com
705,Boony,Ludee,bludeejk@privacy.gov.au
706,Bertine,Saylor,bsaylorjl@foxnews.com
707,Carmon,Chettle,cchettlejm@ibm.com
708,Ramsey,Mortell,rmortelljn@unicef.org
709,Scarface,Mesant,smesantjo@noaa.gov
710,Lucila,Gallyon,lgallyonjp@buzzfeed.com
711,Melvin,Efford,meffordjq@dedecms.com
712,Nealy,Layzell,nlayzelljr@yellowpages.com
713,Jameson,Albasini,jalbasinijs@whitehouse.gov
714,Kalila,Iannello,kiannellojt@yahoo.com
715,Adair,Hugk,ahugkju@booking.com
716,Celine,Test,ctestjv@barnesandnoble.com
717,Vinnie,Buckoke,vbuckokejw@sciencedaily.com
718,Cullen,Cawt,ccawtjx@google.cn
719,Annabell,Asman,aasmanjy@fda.gov
720,Shepperd,Keat,skeatjz@soup.io
721,Riley,Kubis,rkubisk0@bizjournals.com
722,Paola,Paten,ppatenk1@unc.edu
723,Guillermo,Oliphand,goliphandk2@devhub.com
724,Bradan,Eminson,beminsonk3@wufoo.com
725,Seward,Friday,sfridayk4@instagram.com
726,Claudetta,Demschke,cdemschkek5@theguardian.com
727,Guss,Groucock,ggroucockk6@dyndns.org
728,Zia,McBeath,zmcbeathk7@istockphoto.com
729,Melisenda,Quemby,mquembyk8@irs.gov
730,Halie,Stopforth,hstopforthk9@gov.uk
731,Fredelia,Donat,fdonatka@booking.com
732,Blane,Kidgell,bkidgellkb@harvard.edu
733,Meryl,Yvens,myvenskc@bing.com
734,Sheff,Stedell,sstedellkd@ustream.tv
735,Talbert,Hellen,thellenke@newyorker.com
736,Elizabet,Papaccio,epapacciokf@arstechnica.com
737,Niven,Toffel,ntoffelkg@fastcompany.com
738,Kiley,Franses,kfranseskh@bbb.org
739,Gerik,Emerton,gemertonki@hubpages.com
740,Kippie,Georgius,kgeorgiuskj@foxnews.com
741,Saudra,Morrissey,smorrisseykk@mtv.com
742,Korey,Abela,kabelakl@fc2.com
743,Huntlee,Booker,hbookerkm@guardian.co.uk
744,Kaleb,Schoolfield,kschoolfieldkn@topsy.com
745,Callie,Walisiak,cwalisiakko@infoseek.co.jp
746,Freddi,Carayol,fcarayolkp@kickstarter.com
747,Erroll,Ianilli,eianillikq@wsj.com
748,Anna-maria,Aers,aaerskr@si.edu
749,Fiona,Rediers,frediersks@privacy.gov.au
750,Lon,Lorenzetto,llorenzettokt@gravatar.com
751,Verney,Deware,vdewareku@ezinearticles.com
752,Meade,Coomer,mcoomerkv@yahoo.com
753,Hertha,Jahnisch,hjahnischkw@nps.gov
754,Cornelius,Garralts,cgarraltskx@cnet.com
755,Eilis,Ollenbuttel,eollenbuttelky@freewebs.com
756,Lydie,Balazs,lbalazskz@ehow.com
757,Morris,Acomb,macombl0@zimbio.com
758,Russ,Stefanovic,rstefanovicl1@booking.com
759,Alix,Abbado,aabbadol2@vimeo.com
760,Abey,Enterlein,aenterleinl3@google.pl
761,Clemmy,Sworder,csworderl4@e-recht24.de
762,Justino,Vice,jvicel5@umich.edu
763,Elka,Dominighi,edominighil6@abc.net.au
764,Cathryn,Filov,cfilovl7@nasa.gov
765,Mark,Farrans,mfarransl8@usatoday.com
766,Jsandye,Loton,jlotonl9@booking.com
767,Brigitte,Eland,belandla@intel.com
768,Fitz,Jerok,fjeroklb@intel.com
769,Nicki,Vincent,nvincentlc@wp.com
770,Madlin,McGougan,mmcgouganld@dyndns.org
771,Vita,Swarbrick,vswarbrickle@imdb.com
772,Ellyn,Glaister,eglaisterlf@newsvine.com
773,Justine,Valadez,jvaladezlg@reuters.com
774,Cash,Treven,ctrevenlh@dell.com
775,Ced,Varley,cvarleyli@mashable.com
776,Darsie,Grayson,dgraysonlj@ox.ac.uk
777,Waverley,Sames,wsameslk@discovery.com
778,Kingston,Woodley,kwoodleyll@purevolume.com
779,Arni,Piniur,apiniurlm@oaic.gov.au
780,Shannah,Hance,shanceln@google.pl
781,Lanny,Siggee,lsiggeelo@apple.com
782,Lorinda,Besse,lbesselp@nsw.gov.au
783,Wernher,Leneve,wlenevelq@slideshare.net
784,Manolo,Turgoose,mturgooselr@jugem.jp
785,Valentijn,Gaitley,vgaitleyls@yandex.ru
786,Lorenza,Doring,ldoringlt@archive.org
787,Borg,Clappison,bclappisonlu@phpbb.com
788,Arch,Ruzicka,aruzickalv@si.edu
789,Gladi,Dee,gdeelw@dagondesign.com
790,Crissie,Tointon,ctointonlx@shop-pro.jp
791,Mata,Brabender,mbrabenderly@ibm.com
792,Alwyn,Edmonston,aedmonstonlz@dailymotion.com
793,Glenna,Ingerson,gingersonm0@mlb.com
794,Francene,Leechman,fleechmanm1@smugmug.com
795,Ninnetta,Pesselt,npesseltm2@indiegogo.com
796,Lynelle,Yapp,lyappm3@state.gov
797,Winne,Scapens,wscapensm4@wired.com
798,Bryana,Aldington,baldingtonm5@biglobe.ne.jp
799,Rana,Langdon,rlangdonm6@woothemes.com
800,Haywood,Learmouth,hlearmouthm7@illinois.edu
801,Minor,Tomankiewicz,mtomankiewiczm8@arstechnica.com
802,Zerk,Sinclair,zsinclairm9@shutterfly.com
803,Patrizio,Sidsaff,psidsaffma@a8.net
804,Gill,Monier,gmoniermb@slashdot.org
805,Sari,Norgan,snorganmc@canalblog.com
806,Olivie,Tungay,otungaymd@ca.gov
807,Janeczka,Spinige,jspinigeme@wsj.com
808,Shea,Masham,smashammf@storify.com
809,Putnem,Nardrup,pnardrupmg@mtv.com
810,Quentin,Sanz,qsanzmh@mapquest.com
811,Natalee,Westmerland,nwestmerlandmi@mapy.cz
812,Owen,Camili,ocamilimj@wsj.com
813,Niki,Simister,nsimistermk@mysql.com
814,Micheil,Greeno,mgreenoml@eepurl.com
815,Euphemia,Oby,eobymm@istockphoto.com
816,Benedikt,Busain,bbusainmn@addtoany.com
817,Hilly,Allport,hallportmo@elpais.com
818,Emylee,Kerne,ekernemp@xing.com
819,Rozelle,Ryves,rryvesmq@cafepress.com
820,Rozalie,Christian,rchristianmr@toplist.cz
821,Derron,Hardern,dhardernms@cnbc.com
822,Cam,Waszczyk,cwaszczykmt@tuttocitta.it
823,Karlen,Bullivent,kbulliventmu@craigslist.org
824,Page,Ingold,pingoldmv@huffingtonpost.com
825,Tish,Beedell,tbeedellmw@chronoengine.com
826,Britney,Byles,bbylesmx@uol.com.br
827,Wiley,Elgey,welgeymy@hc360.com
828,Jaquelin,Dolley,jdolleymz@com.com
829,Forrester,Webb,fwebbn0@icio.us
830,Durward,Siddaley,dsiddaleyn1@opera.com
831,Erick,Embling,eemblingn2@wikispaces.com
832,Cull,Buggs,cbuggsn3@netlog.com
833,Werner,Purdom,wpurdomn4@shinystat.com
834,Rodi,Wellbelove,rwellbeloven5@craigslist.org
835,Christoph,Totman,ctotmann6@tamu.edu
836,Gabi,Connechy,gconnechyn7@mail.ru
837,Shayne,Chagg,schaggn8@gnu.org
838,Chas,Gallahue,cgallahuen9@patch.com
839,Nolana,Plitz,nplitzna@mapquest.com
840,Raven,Blatcher,rblatchernb@washington.edu
841,Bank,Barkway,bbarkwaync@lycos.com
842,Petra,Bowman,pbowmannd@g.co
843,Markos,Braiden,mbraidenne@twitpic.com
844,Wilhelmina,Garie,wgarienf@bizjournals.com
845,Ryun,Schwandner,rschwandnerng@yellowbook.com
846,Remus,Wrigley,rwrigleynh@barnesandnoble.com
847,Clarey,Egell,cegellni@mozilla.org
848,Rik,Logie,rlogienj@bigcartel.com
849,Alvinia,Dennant,adennantnk@ehow.com
850,Thomasa,Fryatt,tfryattnl@wiley.com
851,Maje,Etty,mettynm@narod.ru
852,Bartolomeo,Semechik,bsemechiknn@sciencedaily.com
853,Costanza,Jain,cjainno@adobe.com
854,Beatrisa,Pithie,bpithienp@reverbnation.com
855,Bordy,Bosomworth,bbosomworthnq@ucsd.edu
856,Fania,Spratling,fspratlingnr@cmu.edu
857,Wyn,Dyson,wdysonns@mysql.com
858,Ali,Fozard,afozardnt@cnet.com
859,Gerick,Mea,gmeanu@typepad.com
860,Shela,Pumfrett,spumfrettnv@photobucket.com
861,Francisco,Espina,fespinanw@elpais.com
862,Colline,Tupp,ctuppnx@alibaba.com
863,Barri,Mosson,bmossonny@sphinn.com
864,Aggy,Bernini,abernininz@cbsnews.com
865,Francois,Behr,fbehro0@fastcompany.com
866,Maxy,Sheaf,msheafo1@narod.ru
867,Emmery,Cluse,ecluseo2@bravesites.com
868,Tawsha,Frank,tfranko3@springer.com
869,Clarabelle,Trew,ctrewo4@twitpic.com
870,Lucas,Caselli,lcasellio5@dion.ne.jp
871,Nara,Hakes,nhakeso6@vimeo.com
872,Hali,Sibly,hsiblyo7@miitbeian.gov.cn
873,Astra,Kulicke,akulickeo8@sciencedaily.com
874,Christy,Francisco,cfranciscoo9@imdb.com
875,Sky,Hews,shewsoa@imageshack.us
876,Lula,Dencs,ldencsob@yolasite.com
877,Ashleigh,Cicchinelli,acicchinellioc@amazon.co.jp
878,Nealon,Cockrem,ncockremod@sina.com.cn
879,Mindy,Baber,mbaberoe@phoca.cz
880,Evanne,MacCome,emaccomeof@disqus.com
881,Essa,Olyfant,eolyfantog@slashdot.org
882,Alain,Whitney,awhitneyoh@cpanel.net
883,Meris,Haet,mhaetoi@senate.gov
884,Bob,Stearn,bstearnoj@npr.org
885,Con,MacAlroy,cmacalroyok@npr.org
886,Zenia,Klagges,zklaggesol@dion.ne.jp
887,Elijah,Baptie,ebaptieom@xinhuanet.com
888,Tymothy,Copyn,tcopynon@ucoz.com
889,Moises,Heard,mheardoo@sun.com
890,Leeann,Blondelle,lblondelleop@smh.com.au
891,Tamar,Silberschatz,tsilberschatzoq@amazon.de
892,Jennine,Scholte,jscholteor@engadget.com
893,Row,Roalfe,rroalfeos@wisc.edu
894,Caprice,Pillinger,cpillingerot@histats.com
895,Bourke,Mattheissen,bmattheissenou@dyndns.org
896,Perrine,Stittle,pstittleov@arizona.edu
897,Ivar,Larrad,ilarradow@disqus.com
898,Jacquelyn,Attyeo,jattyeoox@w3.org
899,Salem,Pessold,spessoldoy@sakura.ne.jp
900,Cari,Blaze,cblazeoz@adobe.com
901,Clayton,McKitterick,cmckitterickp0@dedecms.com
902,Birdie,Syddie,bsyddiep1@sphinn.com
903,Ave,Parnell,aparnellp2@angelfire.com
904,Sal,Ownsworth,sownsworthp3@weibo.com
905,Mildred,Sirett,msirettp4@shutterfly.com
906,Hally,Gronou,hgronoup5@php.net
907,Jermaine,Mityashev,jmityashevp6@delicious.com
908,Garald,Rivelon,grivelonp7@360.cn
909,Orson,Quarless,oquarlessp8@amazon.co.jp
910,Gavrielle,Kelby,gkelbyp9@sohu.com
911,Crichton,Geraldo,cgeraldopa@ucla.edu
912,Lilias,Tibols,ltibolspb@com.com
913,Melisande,Coleford,mcolefordpc@senate.gov
914,Lind,Ertelt,lerteltpd@soundcloud.com
915,Field,Spivey,fspiveype@edublogs.org
916,Con,Reveland,crevelandpf@cnbc.com
917,Virgilio,Christon,vchristonpg@hatena.ne.jp
918,Cheri,Posnett,cposnettph@livejournal.com
919,Any,Patington,apatingtonpi@php.net
920,Blayne,Fry,bfrypj@drupal.org
921,Moria,Chilley,mchilleypk@springer.com
922,Ebonee,Suttaby,esuttabypl@europa.eu
923,Raddy,Strettell,rstrettellpm@hp.com
924,Linc,Busse,lbussepn@rambler.ru
925,Rooney,Hopkynson,rhopkynsonpo@nyu.edu
926,Riccardo,Keenor,rkeenorpp@ovh.net
927,Tove,Frankcombe,tfrankcombepq@cisco.com
928,Athene,Gillions,agillionspr@pcworld.com
929,Leupold,Minall,lminallps@arstechnica.com
930,Dalton,Dymock,ddymockpt@tamu.edu
931,Meta,Pettigree,mpettigreepu@bloglines.com
932,Chaunce,Galvan,cgalvanpv@blogger.com
933,Athena,Bernadon,abernadonpw@google.fr
934,Aleksandr,Ionnisian,aionnisianpx@vk.com
935,Milissent,Hutley,mhutleypy@apple.com
936,Emmery,Sabberton,esabbertonpz@whitehouse.gov
937,Boigie,Chagg,bchaggq0@ezinearticles.com
938,Chester,Fitchen,cfitchenq1@amazon.de
939,Bartolemo,Copcutt,bcopcuttq2@cbc.ca
940,Nester,Brettell,nbrettellq3@so-net.ne.jp
941,Jacynth,Grassot,jgrassotq4@engadget.com
942,Aguste,Pollastrone,apollastroneq5@npr.org
943,Johnnie,Gaber,jgaberq6@360.cn
944,Darsey,Kilduff,dkilduffq7@usgs.gov
945,Johann,Dutnall,jdutnallq8@diigo.com
946,Seymour,McCallister,smccallisterq9@woothemes.com
947,Aidan,Swindley,aswindleyqa@tripod.com
948,Brigida,Tremoulet,btremouletqb@clickbank.net
949,Isaac,Petrol,ipetrolqc@jiathis.com
950,Ede,Swyer-Sexey,eswyersexeyqd@themeforest.net
951,Arlana,Tattershall,atattershallqe@bbb.org
952,Farley,Gilberthorpe,fgilberthorpeqf@yelp.com
953,Feliks,McClune,fmccluneqg@meetup.com
954,Douglass,Beer,dbeerqh@nyu.edu
955,Graham,Siely,gsielyqi@springer.com
956,Hubie,Linkie,hlinkieqj@reuters.com
957,Winthrop,Shervil,wshervilqk@wikispaces.com
958,Leonid,Skoate,lskoateql@google.de
959,Towny,Abdee,tabdeeqm@discuz.net
960,Adella,Parmby,aparmbyqn@bloglovin.com
961,Coop,Lloyd-Williams,clloydwilliamsqo@1688.com
962,Dexter,Noades,dnoadesqp@illinois.edu
963,Beck,Shimmans,bshimmansqq@typepad.com
964,Nick,Lorkins,nlorkinsqr@ftc.gov
965,Christoper,Rasp,craspqs@wsj.com
966,Micheal,Josskoviz,mjosskovizqt@yellowbook.com
967,Doreen,Paquet,dpaquetqu@trellian.com
968,Hortensia,Lonsbrough,hlonsbroughqv@census.gov
969,Constantin,Smee,csmeeqw@smugmug.com
970,Christoper,Brecknell,cbrecknellqx@delicious.com
971,Anette,Torpie,atorpieqy@huffingtonpost.com
972,Fax,Ballchin,fballchinqz@wordpress.com
973,Granthem,Tew,gtewr0@blogs.com
974,Isacco,Collip,icollipr1@example.com
975,Gisela,Aneley,ganeleyr2@jigsy.com
976,Garvin,Knibley,gknibleyr3@behance.net
977,Annis,Santhouse,asanthouser4@google.fr
978,Whittaker,Hall-Gough,whallgoughr5@w3.org
979,Natalie,Cothey,ncotheyr6@ebay.co.uk
980,Phylys,Gensavage,pgensavager7@economist.com
981,Jard,Arndtsen,jarndtsenr8@macromedia.com
982,Fielding,Shearsby,fshearsbyr9@foxnews.com
983,Betsey,Whaley,bwhaleyra@skyrock.com
984,Gonzalo,Pisco,gpiscorb@alexa.com
985,Chrissie,Gwatkin,cgwatkinrc@go.com
986,Maxy,Brandacci,mbrandaccird@home.pl
987,Herminia,Sone,hsonere@imageshack.us
988,Jimmie,Jeaves,jjeavesrf@vkontakte.ru
989,Sterling,Astie,sastierg@nbcnews.com
990,Amye,Lumsdale,alumsdalerh@hatena.ne.jp
991,Garvey,Touhig,gtouhigri@nsw.gov.au
992,Smith,Littlefair,slittlefairrj@clickbank.net
993,Welbie,Cardno,wcardnork@wunderground.com
994,Abeu,Eagle,aeaglerl@sakura.ne.jp
995,Mandy,Mollin,mmollinrm@etsy.com
996,Jacinda,Shewan,jshewanrn@mapy.cz
997,Zeke,Glassard,zglassardro@amazon.com
998,Marjy,Harber,mharberrp@t-online.de
999,Henri,Rodolphe,hrodolpherq@squarespace.com
1000,Cathy,Jedrzejewski,cjedrzejewskirr@ucoz.com
